Series,Date,Total Count,Positive,Neutral,Negative,Source,Country
COLMARBRUNTON,1997-02-13 00:00:00,1000.0,25.0,,49.0,https://drive.google.com/drive/u/0/folders/1k6zpFlMbxOwD3OK1kre8Ak2s4VO0AFlf,New Zealand
COLMARBRUNTON,1997-03-13 00:00:00,1000.0,19.0,,65.0,https://drive.google.com/drive/u/0/folders/1k6zpFlMbxOwD3OK1kre8Ak2s4VO0AFlf,New Zealand
COLMARBRUNTON,1997-04-11 00:00:00,1000.0,18.0,,70.0,https://drive.google.com/drive/u/0/folders/1k6zpFlMbxOwD3OK1kre8Ak2s4VO0AFlf,New Zealand
COLMARBRUNTON,1997-05-08 00:00:00,1000.0,14.0,,75.0,https://drive.google.com/drive/u/0/folders/1k6zpFlMbxOwD3OK1kre8Ak2s4VO0AFlf,New Zealand
COLMARBRUNTON,1997-06-19 00:00:00,1000.0,13.0,,78.0,https://drive.google.com/drive/u/0/folders/1k6zpFlMbxOwD3OK1kre8Ak2s4VO0AFlf,New Zealand
COLMARBRUNTON,1997-07-10 00:00:00,1000.0,16.0,,73.0,https://drive.google.com/drive/u/0/folders/1k6zpFlMbxOwD3OK1kre8Ak2s4VO0AFlf,New Zealand
COLMARBRUNTON,1997-08-07 00:00:00,1000.0,14.0,,77.0,https://drive.google.com/drive/u/0/folders/1k6zpFlMbxOwD3OK1kre8Ak2s4VO0AFlf,New Zealand
COLMARBRUNTON,1997-09-04 00:00:00,1000.0,11.0,,82.0,https://drive.google.com/drive/u/0/folders/1k6zpFlMbxOwD3OK1kre8Ak2s4VO0AFlf,New Zealand
COLMARBRUNTON,1997-09-13 00:00:00,1000.0,10.0,,83.0,https://drive.google.com/drive/u/0/folders/1k6zpFlMbxOwD3OK1kre8Ak2s4VO0AFlf,New Zealand
COLMARBRUNTON,1997-09-18 00:00:00,1000.0,9.0,,84.0,https://drive.google.com/drive/u/0/folders/1k6zpFlMbxOwD3OK1kre8Ak2s4VO0AFlf,New Zealand
COLMARBRUNTON,1997-10-16 00:00:00,1000.0,5.0,,90.0,https://drive.google.com/drive/u/0/folders/1k6zpFlMbxOwD3OK1kre8Ak2s4VO0AFlf,New Zealand
COLMARBRUNTON,1997-12-11 00:00:00,1000.0,12.0,,80.0,https://drive.google.com/drive/u/0/folders/1k6zpFlMbxOwD3OK1kre8Ak2s4VO0AFlf,New Zealand
COLMARBRUNTON,1998-02-12 00:00:00,1000.0,15.0,,75.0,https://drive.google.com/drive/u/0/folders/1k6zpFlMbxOwD3OK1kre8Ak2s4VO0AFlf,New Zealand
COLMARBRUNTON,1998-03-19 00:00:00,1000.0,19.0,,73.0,https://drive.google.com/drive/u/0/folders/1k6zpFlMbxOwD3OK1kre8Ak2s4VO0AFlf,New Zealand
COLMARBRUNTON,1998-04-23 00:00:00,1000.0,18.0,,70.0,https://drive.google.com/drive/u/0/folders/1k6zpFlMbxOwD3OK1kre8Ak2s4VO0AFlf,New Zealand
COLMARBRUNTON,1998-05-14 00:00:00,1000.0,19.0,,73.0,https://drive.google.com/drive/u/0/folders/1k6zpFlMbxOwD3OK1kre8Ak2s4VO0AFlf,New Zealand
COLMARBRUNTON,1998-06-18 00:00:00,1000.0,17.0,,72.0,https://drive.google.com/drive/u/0/folders/1k6zpFlMbxOwD3OK1kre8Ak2s4VO0AFlf,New Zealand
COLMARBRUNTON,1998-07-09 00:00:00,1000.0,15.0,,76.0,https://drive.google.com/drive/u/0/folders/1k6zpFlMbxOwD3OK1kre8Ak2s4VO0AFlf,New Zealand
COLMARBRUNTON,1998-08-08 00:00:00,1000.0,17.0,,75.0,https://drive.google.com/drive/u/0/folders/1k6zpFlMbxOwD3OK1kre8Ak2s4VO0AFlf,New Zealand
COLMARBRUNTON,1998-09-17 00:00:00,1000.0,23.0,,64.0,https://drive.google.com/drive/u/0/folders/1k6zpFlMbxOwD3OK1kre8Ak2s4VO0AFlf,New Zealand
COLMARBRUNTON,1998-10-15 00:00:00,1000.0,19.0,,70.0,https://drive.google.com/drive/u/0/folders/1k6zpFlMbxOwD3OK1kre8Ak2s4VO0AFlf,New Zealand
COLMARBRUNTON,1998-11-12 00:00:00,1000.0,20.0,,68.0,https://drive.google.com/drive/u/0/folders/1k6zpFlMbxOwD3OK1kre8Ak2s4VO0AFlf,New Zealand
COLMARBRUNTON,1998-12-10 00:00:00,1000.0,25.0,,63.0,https://drive.google.com/drive/u/0/folders/1k6zpFlMbxOwD3OK1kre8Ak2s4VO0AFlf,New Zealand
COLMARBRUNTON,1999-02-11 00:00:00,1000.0,31.0,,54.0,https://drive.google.com/drive/u/0/folders/1k6zpFlMbxOwD3OK1kre8Ak2s4VO0AFlf,New Zealand
COLMARBRUNTON,1999-03-18 00:00:00,1000.0,30.0,,56.0,https://drive.google.com/drive/u/0/folders/1k6zpFlMbxOwD3OK1kre8Ak2s4VO0AFlf,New Zealand
COLMARBRUNTON,1999-04-24 00:00:00,1000.0,30.0,,56.0,https://drive.google.com/drive/u/0/folders/1k6zpFlMbxOwD3OK1kre8Ak2s4VO0AFlf,New Zealand
COLMARBRUNTON,1999-05-13 00:00:00,1000.0,28.0,,57.0,https://drive.google.com/drive/u/0/folders/1k6zpFlMbxOwD3OK1kre8Ak2s4VO0AFlf,New Zealand
COLMARBRUNTON,1999-06-17 00:00:00,1000.0,29.0,,56.0,https://drive.google.com/drive/u/0/folders/1k6zpFlMbxOwD3OK1kre8Ak2s4VO0AFlf,New Zealand
COLMARBRUNTON,1999-07-08 00:00:00,1000.0,26.0,,60.0,https://drive.google.com/drive/u/0/folders/1k6zpFlMbxOwD3OK1kre8Ak2s4VO0AFlf,New Zealand
COLMARBRUNTON,1999-08-05 00:00:00,1000.0,26.0,,60.0,https://drive.google.com/drive/u/0/folders/1k6zpFlMbxOwD3OK1kre8Ak2s4VO0AFlf,New Zealand
COLMARBRUNTON,1999-09-11 00:00:00,1000.0,29.0,,58.0,https://drive.google.com/drive/u/0/folders/1k6zpFlMbxOwD3OK1kre8Ak2s4VO0AFlf,New Zealand
COLMARBRUNTON,1999-09-16 00:00:00,1000.0,26.0,,57.0,https://drive.google.com/drive/u/0/folders/1k6zpFlMbxOwD3OK1kre8Ak2s4VO0AFlf,New Zealand
COLMARBRUNTON,1999-09-24 00:00:00,1000.0,29.0,,58.0,https://drive.google.com/drive/u/0/folders/1k6zpFlMbxOwD3OK1kre8Ak2s4VO0AFlf,New Zealand
COLMARBRUNTON,1999-10-14 00:00:00,1000.0,29.0,,55.0,https://drive.google.com/drive/u/0/folders/1k6zpFlMbxOwD3OK1kre8Ak2s4VO0AFlf,New Zealand
COLMARBRUNTON,2000-02-24 00:00:00,1000.0,61.0,,20.0,https://drive.google.com/drive/u/0/folders/1k6zpFlMbxOwD3OK1kre8Ak2s4VO0AFlf,New Zealand
COLMARBRUNTON,2000-03-18 00:00:00,1000.0,66.0,,17.0,https://drive.google.com/drive/u/0/folders/1k6zpFlMbxOwD3OK1kre8Ak2s4VO0AFlf,New Zealand
COLMARBRUNTON,2000-04-13 00:00:00,1000.0,65.0,,22.0,https://drive.google.com/drive/u/0/folders/1k6zpFlMbxOwD3OK1kre8Ak2s4VO0AFlf,New Zealand
COLMARBRUNTON,2000-05-11 00:00:00,1000.0,54.0,,30.0,https://drive.google.com/drive/u/0/folders/1k6zpFlMbxOwD3OK1kre8Ak2s4VO0AFlf,New Zealand
COLMARBRUNTON,2000-06-21 00:00:00,1000.0,47.0,,39.0,https://drive.google.com/drive/u/0/folders/1k6zpFlMbxOwD3OK1kre8Ak2s4VO0AFlf,New Zealand
COLMARBRUNTON,2000-07-13 00:00:00,1000.0,44.0,,38.0,https://drive.google.com/drive/u/0/folders/1k6zpFlMbxOwD3OK1kre8Ak2s4VO0AFlf,New Zealand
COLMARBRUNTON,2000-08-17 00:00:00,1000.0,43.0,,47.0,https://drive.google.com/drive/u/0/folders/1k6zpFlMbxOwD3OK1kre8Ak2s4VO0AFlf,New Zealand
COLMARBRUNTON,2000-09-14 00:00:00,1000.0,35.0,,52.0,https://drive.google.com/drive/u/0/folders/1k6zpFlMbxOwD3OK1kre8Ak2s4VO0AFlf,New Zealand
COLMARBRUNTON,2000-10-12 00:00:00,1000.0,36.0,,49.0,https://drive.google.com/drive/u/0/folders/1k6zpFlMbxOwD3OK1kre8Ak2s4VO0AFlf,New Zealand
COLMARBRUNTON,2000-11-23 00:00:00,1000.0,48.0,,36.0,https://drive.google.com/drive/u/0/folders/1k6zpFlMbxOwD3OK1kre8Ak2s4VO0AFlf,New Zealand
COLMARBRUNTON,2000-12-14 00:00:00,1000.0,52.0,,32.0,https://drive.google.com/drive/u/0/folders/1k6zpFlMbxOwD3OK1kre8Ak2s4VO0AFlf,New Zealand
COLMARBRUNTON,2001-02-15 00:00:00,1000.0,52.0,,30.0,https://drive.google.com/drive/u/0/folders/1k6zpFlMbxOwD3OK1kre8Ak2s4VO0AFlf,New Zealand
COLMARBRUNTON,2001-03-08 00:00:00,1000.0,51.0,,31.0,https://drive.google.com/drive/u/0/folders/1k6zpFlMbxOwD3OK1kre8Ak2s4VO0AFlf,New Zealand
COLMARBRUNTON,2001-04-05 00:00:00,1000.0,50.0,,35.0,https://drive.google.com/drive/u/0/folders/1k6zpFlMbxOwD3OK1kre8Ak2s4VO0AFlf,New Zealand
COLMARBRUNTON,2001-05-10 00:00:00,1000.0,51.0,,34.0,https://drive.google.com/drive/u/0/folders/1k6zpFlMbxOwD3OK1kre8Ak2s4VO0AFlf,New Zealand
COLMARBRUNTON,2001-06-14 00:00:00,1000.0,55.0,,26.0,https://drive.google.com/drive/u/0/folders/1k6zpFlMbxOwD3OK1kre8Ak2s4VO0AFlf,New Zealand
COLMARBRUNTON,2001-07-19 00:00:00,1000.0,54.0,,28.0,https://drive.google.com/drive/u/0/folders/1k6zpFlMbxOwD3OK1kre8Ak2s4VO0AFlf,New Zealand
COLMARBRUNTON,2001-08-16 00:00:00,1000.0,47.0,,33.0,https://drive.google.com/drive/u/0/folders/1k6zpFlMbxOwD3OK1kre8Ak2s4VO0AFlf,New Zealand
COLMARBRUNTON,2001-09-13 00:00:00,1000.0,46.0,,36.0,https://drive.google.com/drive/u/0/folders/1k6zpFlMbxOwD3OK1kre8Ak2s4VO0AFlf,New Zealand
COLMARBRUNTON,2001-10-11 00:00:00,1000.0,51.0,,33.0,https://drive.google.com/drive/u/0/folders/1k6zpFlMbxOwD3OK1kre8Ak2s4VO0AFlf,New Zealand
COLMARBRUNTON,2001-11-08 00:00:00,1000.0,55.0,,29.0,https://drive.google.com/drive/u/0/folders/1k6zpFlMbxOwD3OK1kre8Ak2s4VO0AFlf,New Zealand
COLMARBRUNTON,2001-12-13 00:00:00,1000.0,56.0,,31.0,https://drive.google.com/drive/u/0/folders/1k6zpFlMbxOwD3OK1kre8Ak2s4VO0AFlf,New Zealand
COLMARBRUNTON,2002-02-14 00:00:00,1000.0,52.0,,28.0,https://drive.google.com/drive/u/0/folders/1k6zpFlMbxOwD3OK1kre8Ak2s4VO0AFlf,New Zealand
COLMARBRUNTON,2002-03-14 00:00:00,1000.0,56.0,,27.0,https://drive.google.com/drive/u/0/folders/1k6zpFlMbxOwD3OK1kre8Ak2s4VO0AFlf,New Zealand
COLMARBRUNTON,2002-04-18 00:00:00,1000.0,61.0,,24.0,https://drive.google.com/drive/u/0/folders/1k6zpFlMbxOwD3OK1kre8Ak2s4VO0AFlf,New Zealand
COLMARBRUNTON,2002-05-16 00:00:00,1000.0,62.0,,24.0,https://drive.google.com/drive/u/0/folders/1k6zpFlMbxOwD3OK1kre8Ak2s4VO0AFlf,New Zealand
COLMARBRUNTON,2002-06-13 00:00:00,1000.0,61.0,,23.0,https://drive.google.com/drive/u/0/folders/1k6zpFlMbxOwD3OK1kre8Ak2s4VO0AFlf,New Zealand
COLMARBRUNTON,2002-06-27 00:00:00,1000.0,61.0,,25.0,https://drive.google.com/drive/u/0/folders/1k6zpFlMbxOwD3OK1kre8Ak2s4VO0AFlf,New Zealand
COLMARBRUNTON,2002-07-11 00:00:00,1000.0,58.0,,29.0,https://drive.google.com/drive/u/0/folders/1k6zpFlMbxOwD3OK1kre8Ak2s4VO0AFlf,New Zealand
COLMARBRUNTON,2002-07-24 00:00:00,1000.0,56.0,,27.0,https://drive.google.com/drive/u/0/folders/1k6zpFlMbxOwD3OK1kre8Ak2s4VO0AFlf,New Zealand
COLMARBRUNTON,2002-08-29 00:00:00,1000.0,55.0,,25.0,https://drive.google.com/drive/u/0/folders/1k6zpFlMbxOwD3OK1kre8Ak2s4VO0AFlf,New Zealand
COLMARBRUNTON,2002-09-26 00:00:00,1000.0,61.0,,24.0,https://drive.google.com/drive/u/0/folders/1k6zpFlMbxOwD3OK1kre8Ak2s4VO0AFlf,New Zealand
COLMARBRUNTON,2002-10-24 00:00:00,1000.0,63.0,,23.0,https://drive.google.com/drive/u/0/folders/1k6zpFlMbxOwD3OK1kre8Ak2s4VO0AFlf,New Zealand
COLMARBRUNTON,2002-11-14 00:00:00,1000.0,60.0,,27.0,https://drive.google.com/drive/u/0/folders/1k6zpFlMbxOwD3OK1kre8Ak2s4VO0AFlf,New Zealand
COLMARBRUNTON,2002-12-12 00:00:00,1000.0,60.0,,27.0,https://drive.google.com/drive/u/0/folders/1k6zpFlMbxOwD3OK1kre8Ak2s4VO0AFlf,New Zealand
COLMARBRUNTON,2003-02-13 00:00:00,1000.0,62.0,,23.0,https://drive.google.com/drive/u/0/folders/1k6zpFlMbxOwD3OK1kre8Ak2s4VO0AFlf,New Zealand
COLMARBRUNTON,2003-03-23 00:00:00,1000.0,60.0,,27.0,https://drive.google.com/drive/u/0/folders/1k6zpFlMbxOwD3OK1kre8Ak2s4VO0AFlf,New Zealand
COLMARBRUNTON,2003-04-10 00:00:00,1000.0,60.0,,26.0,https://drive.google.com/drive/u/0/folders/1k6zpFlMbxOwD3OK1kre8Ak2s4VO0AFlf,New Zealand
COLMARBRUNTON,2003-05-15 00:00:00,1000.0,55.0,,30.0,https://drive.google.com/drive/u/0/folders/1k6zpFlMbxOwD3OK1kre8Ak2s4VO0AFlf,New Zealand
COLMARBRUNTON,2003-06-12 00:00:00,1000.0,54.0,,30.0,https://drive.google.com/drive/u/0/folders/1k6zpFlMbxOwD3OK1kre8Ak2s4VO0AFlf,New Zealand
COLMARBRUNTON,2003-07-10 00:00:00,1000.0,52.0,,32.0,https://drive.google.com/drive/u/0/folders/1k6zpFlMbxOwD3OK1kre8Ak2s4VO0AFlf,New Zealand
COLMARBRUNTON,2003-08-14 00:00:00,1000.0,52.0,,33.0,https://drive.google.com/drive/u/0/folders/1k6zpFlMbxOwD3OK1kre8Ak2s4VO0AFlf,New Zealand
COLMARBRUNTON,2003-09-11 00:00:00,1000.0,50.0,,36.0,https://drive.google.com/drive/u/0/folders/1k6zpFlMbxOwD3OK1kre8Ak2s4VO0AFlf,New Zealand
COLMARBRUNTON,2003-10-09 00:00:00,1000.0,46.0,,39.0,https://drive.google.com/drive/u/0/folders/1k6zpFlMbxOwD3OK1kre8Ak2s4VO0AFlf,New Zealand
COLMARBRUNTON,2003-11-06 00:00:00,1000.0,49.0,,36.0,https://drive.google.com/drive/u/0/folders/1k6zpFlMbxOwD3OK1kre8Ak2s4VO0AFlf,New Zealand
COLMARBRUNTON,2003-12-11 00:00:00,1000.0,47.0,,37.0,https://drive.google.com/drive/u/0/folders/1k6zpFlMbxOwD3OK1kre8Ak2s4VO0AFlf,New Zealand
COLMARBRUNTON,2004-02-14 00:00:00,1000.0,44.0,,40.0,https://drive.google.com/drive/u/0/folders/1k6zpFlMbxOwD3OK1kre8Ak2s4VO0AFlf,New Zealand
COLMARBRUNTON,2004-03-18 00:00:00,1000.0,44.0,,42.0,https://drive.google.com/drive/u/0/folders/1k6zpFlMbxOwD3OK1kre8Ak2s4VO0AFlf,New Zealand
COLMARBRUNTON,2004-04-22 00:00:00,1000.0,43.0,,39.0,https://drive.google.com/drive/u/0/folders/1k6zpFlMbxOwD3OK1kre8Ak2s4VO0AFlf,New Zealand
COLMARBRUNTON,2004-05-20 00:00:00,1000.0,42.0,,45.0,https://drive.google.com/drive/u/0/folders/1k6zpFlMbxOwD3OK1kre8Ak2s4VO0AFlf,New Zealand
COLMARBRUNTON,2004-06-17 00:00:00,1000.0,45.0,,38.0,https://drive.google.com/drive/u/0/folders/1k6zpFlMbxOwD3OK1kre8Ak2s4VO0AFlf,New Zealand
COLMARBRUNTON,2004-07-08 00:00:00,1000.0,47.0,,39.0,https://drive.google.com/drive/u/0/folders/1k6zpFlMbxOwD3OK1kre8Ak2s4VO0AFlf,New Zealand
COLMARBRUNTON,2004-08-12 00:00:00,1000.0,48.0,,36.0,https://drive.google.com/drive/u/0/folders/1k6zpFlMbxOwD3OK1kre8Ak2s4VO0AFlf,New Zealand
COLMARBRUNTON,2004-09-09 00:00:00,1000.0,47.0,,37.0,https://drive.google.com/drive/u/0/folders/1k6zpFlMbxOwD3OK1kre8Ak2s4VO0AFlf,New Zealand
COLMARBRUNTON,2004-10-07 00:00:00,1000.0,48.0,,35.0,https://drive.google.com/drive/u/0/folders/1k6zpFlMbxOwD3OK1kre8Ak2s4VO0AFlf,New Zealand
COLMARBRUNTON,2004-11-11 00:00:00,1000.0,49.0,,34.0,https://drive.google.com/drive/u/0/folders/1k6zpFlMbxOwD3OK1kre8Ak2s4VO0AFlf,New Zealand
COLMARBRUNTON,2004-12-09 00:00:00,1000.0,53.0,,30.0,https://drive.google.com/drive/u/0/folders/1k6zpFlMbxOwD3OK1kre8Ak2s4VO0AFlf,New Zealand
COLMARBRUNTON,2005-02-10 00:00:00,1000.0,55.0,,30.0,https://drive.google.com/drive/u/0/folders/1k6zpFlMbxOwD3OK1kre8Ak2s4VO0AFlf,New Zealand
COLMARBRUNTON,2005-03-17 00:00:00,1000.0,48.0,,34.0,https://drive.google.com/drive/u/0/folders/1k6zpFlMbxOwD3OK1kre8Ak2s4VO0AFlf,New Zealand
COLMARBRUNTON,2005-04-14 00:00:00,1000.0,49.0,,34.0,https://drive.google.com/drive/u/0/folders/1k6zpFlMbxOwD3OK1kre8Ak2s4VO0AFlf,New Zealand
COLMARBRUNTON,2005-05-12 00:00:00,1000.0,47.0,,33.0,https://drive.google.com/drive/u/0/folders/1k6zpFlMbxOwD3OK1kre8Ak2s4VO0AFlf,New Zealand
COLMARBRUNTON,2005-06-16 00:00:00,1000.0,44.0,,39.0,https://drive.google.com/drive/u/0/folders/1k6zpFlMbxOwD3OK1kre8Ak2s4VO0AFlf,New Zealand
COLMARBRUNTON,2005-07-14 00:00:00,1000.0,47.0,,38.0,https://drive.google.com/drive/u/0/folders/1k6zpFlMbxOwD3OK1kre8Ak2s4VO0AFlf,New Zealand
COLMARBRUNTON,2005-08-04 00:00:00,1000.0,46.0,,38.0,https://drive.google.com/drive/u/0/folders/1k6zpFlMbxOwD3OK1kre8Ak2s4VO0AFlf,New Zealand
COLMARBRUNTON,2005-08-18 00:00:00,1000.0,52.0,,34.0,https://drive.google.com/drive/u/0/folders/1k6zpFlMbxOwD3OK1kre8Ak2s4VO0AFlf,New Zealand
COLMARBRUNTON,2005-08-25 00:00:00,1000.0,52.0,,33.0,https://drive.google.com/drive/u/0/folders/1k6zpFlMbxOwD3OK1kre8Ak2s4VO0AFlf,New Zealand
COLMARBRUNTON,2005-09-08 00:00:00,1000.0,50.0,,37.0,https://drive.google.com/drive/u/0/folders/1k6zpFlMbxOwD3OK1kre8Ak2s4VO0AFlf,New Zealand
COLMARBRUNTON,2005-09-14 00:00:00,1000.0,47.0,,38.0,https://drive.google.com/drive/u/0/folders/1k6zpFlMbxOwD3OK1kre8Ak2s4VO0AFlf,New Zealand
COLMARBRUNTON,2005-09-15 00:00:00,1000.0,47.0,,38.0,https://drive.google.com/drive/u/0/folders/1k6zpFlMbxOwD3OK1kre8Ak2s4VO0AFlf,New Zealand
COLMARBRUNTON,2005-11-17 00:00:00,1000.0,45.0,,37.0,https://drive.google.com/drive/u/0/folders/1k6zpFlMbxOwD3OK1kre8Ak2s4VO0AFlf,New Zealand
COLMARBRUNTON,2005-12-08 00:00:00,1000.0,47.0,,38.0,https://drive.google.com/drive/u/0/folders/1k6zpFlMbxOwD3OK1kre8Ak2s4VO0AFlf,New Zealand
COLMARBRUNTON,2006-02-16 00:00:00,1000.0,48.0,,36.0,https://drive.google.com/drive/u/0/folders/1k6zpFlMbxOwD3OK1kre8Ak2s4VO0AFlf,New Zealand
COLMARBRUNTON,2006-03-23 00:00:00,1000.0,48.0,,36.0,https://drive.google.com/drive/u/0/folders/1k6zpFlMbxOwD3OK1kre8Ak2s4VO0AFlf,New Zealand
COLMARBRUNTON,2006-03-25 00:00:00,1000.0,42.0,,43.0,https://drive.google.com/drive/u/0/folders/1k6zpFlMbxOwD3OK1kre8Ak2s4VO0AFlf,New Zealand
COLMARBRUNTON,2006-07-13 00:00:00,1000.0,46.0,,38.0,https://drive.google.com/drive/u/0/folders/1k6zpFlMbxOwD3OK1kre8Ak2s4VO0AFlf,New Zealand
COLMARBRUNTON,2006-08-10 00:00:00,1000.0,44.0,,41.0,https://drive.google.com/drive/u/0/folders/1k6zpFlMbxOwD3OK1kre8Ak2s4VO0AFlf,New Zealand
COLMARBRUNTON,2006-09-21 00:00:00,1000.0,38.0,,49.0,https://drive.google.com/drive/u/0/folders/1k6zpFlMbxOwD3OK1kre8Ak2s4VO0AFlf,New Zealand
COLMARBRUNTON,2006-10-19 00:00:00,1000.0,35.0,,51.0,https://drive.google.com/drive/u/0/folders/1k6zpFlMbxOwD3OK1kre8Ak2s4VO0AFlf,New Zealand
COLMARBRUNTON,2019-10-09 00:00:00,,62.0,,29.0,https://drive.google.com/file/d/1cuYY-L_BhX1Gnjyzh9X-N8vRnGucPeX0/view?usp=drive_link,New Zealand
COLMARBRUNTON,2020-05-20 00:00:00,,86.0,,10.0,https://drive.google.com/file/d/1cuYY-L_BhX1Gnjyzh9X-N8vRnGucPeX0/view?usp=drive_link,New Zealand
COLMARBRUNTON,2020-09-27 00:00:00,,72.0,,22.0,https://drive.google.com/file/d/1cuYY-L_BhX1Gnjyzh9X-N8vRnGucPeX0/view?usp=drive_link,New Zealand
COLMARBRUNTON,2020-10-14 00:00:00,,74.0,,20.0,https://drive.google.com/file/d/1cuYY-L_BhX1Gnjyzh9X-N8vRnGucPeX0/view?usp=drive_link,New Zealand
CSES,2002-01-15 00:00:00,1558.0,75.8,,24.2,CSES,New Zealand
CSES,2008-12-15 00:00:00,1066.0,64.92,,35.08,CSES,New Zealand
CSES,2017-11-15 00:00:00,1705.0,71.03,,28.97,CSES,New Zealand
CURIA,2021-11-10 00:00:00,,34.0,,,https://www.wionews.com/world/arderns-popularity-plummets-as-new-zealand-struggles-to-check-delta-outbreak-428443,New Zealand
CURIA,2022-12-06 00:00:00,1000.0,42.0,,39.0,https://www.taxpayers.org.nz/taxpayers_union_curia_poll_december_2022,New Zealand
CURIA,2023-01-16 00:00:00,1000.0,40.0,,41.0,https://www.stuff.co.nz/national/politics/131023687/poll-taken-before-pms-resignation-saw-arderns-favourability-rate-slide-into-negative-territory,New Zealand
CURIA,2023-03-07 00:00:00,1000.0,54.0,,21.0,https://www.taxpayers.org.nz/tucuriapoll_march23,New Zealand
CURIA,2023-05-10 00:00:00,1000.0,43.0,,22.0,https://www.taxpayers.org.nz/taxpayer_update_230510,New Zealand
CURIA,2023-06-06 00:00:00,1000.0,44.0,,25.0,https://twitter.com/TaxpayersUnion/status/1667335916875304960,New Zealand
CURIA,2023-10-04 00:00:00,1000.0,47.0,,28.0,https://www.taxpayers.org.nz/gen_poll_oct_2023_06_10_23_nztu_curia,New Zealand
CURIA,2023-11-15 00:00:00,1000.0,44.0,,26.0,https://www.taxpayers.org.nz/gen_poll_oct_2023_06_10_23_nztu_curia,New Zealand
CURIA,2023-12-05 00:00:00,1000.0,39.0,,40.0,https://www.nzherald.co.nz/nz/politics/labour-leader-chris-hipkins-popularity-plummets-in-first-post-election-polls/CSQRH6SW3JFTFEKMQTXFRNX5H4/,New Zealand
CURIA,2024-01-08 00:00:00,1000.0,42.0,,37.0,https://www.nzherald.co.nz/nz/politics/national-soars-in-new-poll-as-voters-agree-country-is-on-track-chris-hipkins-crashes-record-low/TNS4GGJHIFDTZNGMKPQLNJOGJA/,New Zealand
CURIA,2024-02-07 00:00:00,1000.0,44.0,,33.0,"https://www.nzherald.co.nz/nz/politics/poll-shows-act-leader-david-seymour-and-party-gaining-support-after-waitangi-events/3FQWSZB3TBFCJDDRF26VTWVFIU/#:~:text=However%2C%20Luxon's%20favourability%20ratings%20have,2%20points%20on%20November%202023).",New Zealand
CURIA,2024-03-15 00:00:00,1000.0,39.0,,44.0,https://www.taxpayers.org.nz/taxpayers_union_curia_poll_march_2024,New Zealand
CURIA,2024-09-10 00:00:00,1000.0,41.0,,34.0,https://www.nzherald.co.nz/nz/politics/poll-coalition-maintains-lead-as-labour-leader-chris-hipkins-favourability-crashes/FLZSDJMX6FBNBASRDN4EEDRDDQ/,New Zealand
FRESHWATER,2025-06-15 00:00:00,1150.0,31.0,,49.0,https://www.stuff.co.nz/politics/360729230/jacinda-ardern-remains-most-popular-politician-luxon-slumps-new-poll,New Zealand
FRESHWATER,2024-11-26 00:00:00,1150.0,29.0,,46.0,https://www.stuff.co.nz/nz-news/360507840/new-poll-delivers-hung-parliament-bad-news-christopher-luxon-preferred-pm,New Zealand
GALLUPWORLD_LDR,2025-06-09 00:00:00,1000.0,44.0,,55.0,https://docs.google.com/spreadsheets/d/1b8ctKb4iBpuO26QFEHqHspeQwGDiTIMa/edit?usp=sharing&ouid=103621415253554080783&rtpof=true&sd=true,New Zealand
GALLUPWORLD_LSHP,2007-02-15 00:00:00,750.0,57.73,,37.2,https://analyticscampus-gallup-com.proxyiub.uits.iu.edu/Tables,New Zealand
GALLUPWORLD_LSHP,2008-06-08 00:00:00,750.0,46.13,,49.6,https://analyticscampus-gallup-com.proxyiub.uits.iu.edu/Tables,New Zealand
GALLUPWORLD_LSHP,2010-03-10 00:00:00,750.0,65.2,,29.33,https://analyticscampus-gallup-com.proxyiub.uits.iu.edu/Tables,New Zealand
GALLUPWORLD_LSHP,2011-11-01 00:00:00,1000.0,67.2,,28.5,https://analyticscampus-gallup-com.proxyiub.uits.iu.edu/Tables,New Zealand
GALLUPWORLD_LSHP,2012-04-30 00:00:00,1008.0,65.4,,30.8,https://analyticscampus-gallup-com.proxyiub.uits.iu.edu/Tables,New Zealand
GALLUPWORLD_LSHP,2013-05-14 00:00:00,500.0,53.1,,41.9,https://analyticscampus-gallup-com.proxyiub.uits.iu.edu/Tables,New Zealand
GALLUPWORLD_LSHP,2014-05-27 00:00:00,1000.0,60.6,,33.4,https://analyticscampus-gallup-com.proxyiub.uits.iu.edu/Tables,New Zealand
GALLUPWORLD_LSHP,2015-07-07 00:00:00,1007.0,61.6,,35.2,https://analyticscampus-gallup-com.proxyiub.uits.iu.edu/Tables,New Zealand
GALLUPWORLD_LSHP,2016-06-29 00:00:00,1004.0,53.8,,42.2,https://analyticscampus-gallup-com.proxyiub.uits.iu.edu/Tables,New Zealand
GALLUPWORLD_LSHP,2017-04-28 00:00:00,1001.0,68.8,,19.8,https://analyticscampus-gallup-com.proxyiub.uits.iu.edu/Tables,New Zealand
GALLUPWORLD_LSHP,2018-08-05 00:00:00,1001.0,77.7,,18.5,https://analyticscampus-gallup-com.proxyiub.uits.iu.edu/Tables,New Zealand
GALLUPWORLD_LSHP,2019-05-19 00:00:00,1042.0,81.9,,15.4,https://analyticscampus-gallup-com.proxyiub.uits.iu.edu/Tables,New Zealand
GALLUPWORLD_LSHP,2020-03-23 00:00:00,1002.0,70.0,,28.0,https://analyticscampus-gallup-com.proxyiub.uits.iu.edu/Tables,New Zealand
GALLUPWORLD_LSHP,2021-06-04 00:00:00,1000.0,73.0,,27.0,GallupAnalytics_Export_20240723_084745,New Zealand
GALLUPWORLD_LSHP,2022-08-21 00:00:00,1000.0,57.0,,42.0,GallupAnalytics_Export_20240723_084745,New Zealand
GALLUPWORLD_LSHP,2023-07-04 00:00:00,1000.0,53.0,,46.0,GallupAnalytics_Export_20240723_084745,New Zealand
GALLUPWORLD_LSHP,2025-06-09 00:00:00,1000.0,44.0,,55.0,https://docs.google.com/spreadsheets/d/1s9hN0gQ130Uu5Qj0zEX8oOh-8tAIyprw/edit?usp=sharing&ouid=103621415253554080783&rtpof=true&sd=true,New Zealand
KANTAR,2019-10-15 00:00:00,,62.0,,,https://www.rnz.co.nz/news/political/460527/jacinda-ardern-s-approval-ratings-slip-further-new-poll,New Zealand
KANTAR,2020-05-15 00:00:00,,86.0,,,https://www.rnz.co.nz/news/political/460527/jacinda-ardern-s-approval-ratings-slip-further-new-poll,New Zealand
KANTAR,2020-09-14 00:00:00,,72.0,,,https://www.rnz.co.nz/news/political/460527/jacinda-ardern-s-approval-ratings-slip-further-new-poll,New Zealand
KANTAR,2020-10-15 00:00:00,,74.0,,,https://www.rnz.co.nz/news/political/460527/jacinda-ardern-s-approval-ratings-slip-further-new-poll,New Zealand
KANTAR,2022-01-26 00:00:00,1000.0,52.0,,37.0,https://www.1news.co.nz/2022/01/30/jacinda-ardern-christopher-luxon-approval-ratings-revealed/,New Zealand
KANTAR,2022-09-21 00:00:00,1001.0,53.0,,38.0,https://www.1news.co.nz/2022/09/28/poll-approval-ratings-of-jacinda-ardern-christopher-luxon-revealed/,New Zealand
KANTAR,2022-11-30 00:00:00,1011.0,29.0,,,https://www.skynews.com.au/world-news/new-zealand-pm-jacinda-arderns-popularity-as-preferred-prime-minister-drops-as-nationals-surge-ahead-in-polls/news-story/7ed6a78541314b9eba137bfe4a3d17bb,New Zealand
KANTAR,2023-01-29 00:00:00,1000.0,46.0,,10.0,https://www.1news.co.nz/2023/01/30/first-poll-results-with-chris-hipkins-as-pm-revealed/,New Zealand
KANTAR,2024-06-15 00:00:00,1000.0,40.0,,45.0,https://www.1news.co.nz/2024/06/26/poll-hipkins-outscores-luxon-in-approval-ratings/,New Zealand
KANTAR,2025-03-29 00:00:00,1000.0,40.0,,47.0,https://www.1news.co.nz/2025/04/08/poll-hipkins-outranks-luxon-in-leaders-approval-ratings/,New Zealand
NEWSHUB-REID,2019-02-02 00:00:00,1000.0,68.3,,16.8,https://www.newshub.co.nz/home/politics/2019/02/tova-o-brien-simon-bridges-trifecta-from-hell.html,New Zealand
NEWSHUB-REID,2019-06-07 00:00:00,1000.0,72.5,,15.6,https://www.newshub.co.nz/home/politics/2019/06/exclusive-poll-judith-collins-outstrips-simon-bridges-as-preferred-prime-minister.html,New Zealand
NEWSHUB-REID,2020-02-01 00:00:00,1000.0,63.3,,22.4,https://www.newshub.co.nz/home/politics/2020/02/newshub-reid-research-kiwis-polled-on-simon-bridges-and-jacinda-ardern-s-performance.html,New Zealand
NEWSHUB-REID,2020-07-24 00:00:00,1000.0,85.3,,8.2,https://www.newshub.co.nz/home/politics/2020/07/newshub-reid-research-poll-jacinda-ardern-still-soaring-as-preferred-prime-minister-but-judith-collins-is-convinced-she-ll-win.html,New Zealand
NEWSHUB-REID,2021-05-13 00:00:00,1000.0,69.6,,18.2,https://www.newshub.co.nz/home/politics/2021/05/newshub-reid-research-poll-jacinda-ardern-confident-poll-reflects-govt-s-covid-19-success-but-tight-lipped-on-who-could-be-judith-collins-replacement.html,New Zealand
NEWSHUB-REID,2021-07-15 00:00:00,1000.0,60.7,,27.1,https://www.newshub.co.nz/home/politics/2021/11/newshub-reid-research-poll-growing-number-of-voters-believe-jacinda-ardern-performing-badly.html,New Zealand
NEWSHUB-REID,2021-11-17 00:00:00,1000.0,56.9,,32.2,https://www.newshub.co.nz/home/politics/2021/11/newshub-reid-research-poll-growing-number-of-voters-believe-jacinda-ardern-performing-badly.html,New Zealand
NEWSHUB-REID,2022-02-04 00:00:00,1000.0,58.4,,30.0,https://www.newshub.co.nz/home/politics/2022/02/political-commentator-says-pm-jacinda-ardern-has-her-work-cut-out-for-her-this-year-despite-glowing-poll-results.html,New Zealand
NEWSHUB-REID,2022-11-03 00:00:00,1000.0,47.3,,38.0,https://www.newshub.co.nz/home/politics/2022/11/newshub-reid-research-poll-what-new-zealanders-really-think-of-jacinda-ardern-christopher-luxon-revealed.html,New Zealand
NEWSHUB-REID,2023-05-11 00:00:00,1000.0,55.6,,18.2,https://www.newshub.co.nz/home/politics/2023/05/newshub-reid-research-poll-new-results-reveal-if-kiwis-think-chris-hipkins-christopher-luxon-are-performing-well-or-poorly.html,New Zealand
NEWSHUB-REID,2023-07-31 00:00:00,1000.0,49.5,,26.7,https://www.newshub.co.nz/home/politics/2023/08/newshub-reid-research-poll-results-do-kiwis-believe-chris-hipkins-christopher-luxon-are-performing-well.html,New Zealand
NEWSHUB-REID,2023-10-12 00:00:00,1000.0,51.4,,30.4,https://www.newshub.co.nz/home/politics/2023/10/newshub-reid-research-poll-poll-reveals-if-kiwis-think-chris-hipkins-christopher-luxon-are-performing-well-or-poorly.html,New Zealand
NZES,1990-12-15 00:00:00,2060.0,43.74,31.5,24.76,http://www.nzes.org/,New Zealand
NZES,1993-12-31 00:00:00,2212.0,32.45,30.42,43.58,http://www.nzes.org/,New Zealand
NZES,1996-09-30 00:00:00,2146.0,37.04,16.78,45.25,http://www.nzes.org/,New Zealand
NZES,1996-12-31 00:00:00,4996.0,36.17,16.29,46.39,http://www.nzes.org/,New Zealand
NZES,1999-12-31 00:00:00,5896.0,23.63,16.73,58.48,http://www.nzes.org/,New Zealand
NZES,2002-08-15 00:00:00,2514.0,71.48,10.1,18.14,http://www.nzes.org/,New Zealand
NZES,2005-12-15 00:00:00,3664.0,54.97,12.64,31.2,http://www.nzes.org/,New Zealand
NZES,2008-12-15 00:00:00,2923.0,54.16,14.81,28.16,http://www.nzes.org/,New Zealand
NZES,2011-12-31 00:00:00,3016.0,57.86,10.71,29.74,http://www.nzes.org/,New Zealand
NZES,2014-10-31 00:00:00,2811.0,60.51,8.75,29.85,http://www.nzes.org/,New Zealand
NZES,2017-10-31 00:00:00,3378.0,61.49,15.05,19.21,http://www.nzes.org/,New Zealand
REID,2012-04-17 00:00:00,1000.0,59.0,,35.0,https://www.newshub.co.nz/home/politics/2017/07/new-zealand-election-2017-newshub-reid-research-poll-data-bank.html,New Zealand
REID,2012-06-06 00:00:00,1000.0,55.4,,29.2,https://www.newshub.co.nz/home/politics/2017/07/new-zealand-election-2017-newshub-reid-research-poll-data-bank.html,New Zealand
REID,2012-07-31 00:00:00,1000.0,59.2,,26.4,https://www.newshub.co.nz/home/politics/2017/07/new-zealand-election-2017-newshub-reid-research-poll-data-bank.html,New Zealand
REID,2012-10-10 00:00:00,1000.0,54.0,,30.4,https://www.newshub.co.nz/home/politics/2017/07/new-zealand-election-2017-newshub-reid-research-poll-data-bank.html,New Zealand
REID,2012-11-28 00:00:00,1000.0,51.9,,29.4,https://www.newshub.co.nz/home/politics/2017/07/new-zealand-election-2017-newshub-reid-research-poll-data-bank.html,New Zealand
REID,2013-02-21 00:00:00,1000.0,56.8,,25.8,https://www.newshub.co.nz/home/politics/2017/07/new-zealand-election-2017-newshub-reid-research-poll-data-bank.html,New Zealand
REID,2013-05-23 00:00:00,1000.0,55.0,,30.3,https://www.newshub.co.nz/home/politics/2017/07/new-zealand-election-2017-newshub-reid-research-poll-data-bank.html,New Zealand
REID,2013-07-17 00:00:00,1000.0,52.0,,32.2,https://www.newshub.co.nz/home/politics/2017/07/new-zealand-election-2017-newshub-reid-research-poll-data-bank.html,New Zealand
REID,2013-11-07 00:00:00,1000.0,58.0,,28.0,https://www.curia.co.nz/issue/leader-ratings/,New Zealand
REID,2014-01-29 00:00:00,1000.0,58.3,,29.2,https://www.newshub.co.nz/home/politics/2017/07/new-zealand-election-2017-newshub-reid-research-poll-data-bank.html,New Zealand
REID,2014-03-26 00:00:00,1000.0,65.0,,26.0,https://www.curia.co.nz/issue/leader-ratings/,New Zealand
REID,2014-05-21 00:00:00,1000.0,63.5,,24.5,https://www.newshub.co.nz/home/politics/2017/07/new-zealand-election-2017-newshub-reid-research-poll-data-bank.html,New Zealand
REID,2014-06-25 00:00:00,1000.0,64.4,,23.7,https://www.newshub.co.nz/home/politics/2017/07/new-zealand-election-2017-newshub-reid-research-poll-data-bank.html,New Zealand
REID,2014-07-16 00:00:00,1000.0,60.3,,29.0,https://www.newshub.co.nz/home/politics/2017/07/new-zealand-election-2017-newshub-reid-research-poll-data-bank.html,New Zealand
REID,2014-08-13 00:00:00,1000.0,61.2,,27.0,https://www.newshub.co.nz/home/politics/2017/07/new-zealand-election-2017-newshub-reid-research-poll-data-bank.html,New Zealand
REID,2014-08-25 00:00:00,1000.0,58.7,,31.5,https://www.newshub.co.nz/home/politics/2017/07/new-zealand-election-2017-newshub-reid-research-poll-data-bank.html,New Zealand
REID,2014-09-08 00:00:00,1000.0,61.4,,31.2,https://www.newshub.co.nz/home/politics/2017/07/new-zealand-election-2017-newshub-reid-research-poll-data-bank.html,New Zealand
REID,2014-09-15 00:00:00,1000.0,61.0,,28.2,https://www.newshub.co.nz/home/politics/2017/07/new-zealand-election-2017-newshub-reid-research-poll-data-bank.html,New Zealand
REID,2015-01-28 00:00:00,1000.0,62.5,,23.9,https://www.curia.co.nz/issue/leader-ratings/,New Zealand
REID,2015-05-27 00:00:00,1000.0,56.4,,32.8,https://www.newshub.co.nz/home/politics/2017/07/new-zealand-election-2017-newshub-reid-research-poll-data-bank.html,New Zealand
REID,2015-07-22 00:00:00,1000.0,54.2,,33.2,https://www.newshub.co.nz/home/politics/2017/07/new-zealand-election-2017-newshub-reid-research-poll-data-bank.html,New Zealand
REID,2015-09-16 00:00:00,1000.0,57.4,,31.9,https://www.newshub.co.nz/home/politics/2017/07/new-zealand-election-2017-newshub-reid-research-poll-data-bank.html,New Zealand
REID,2015-11-17 00:00:00,1000.0,55.4,,33.4,https://www.newshub.co.nz/home/politics/2017/07/new-zealand-election-2017-newshub-reid-research-poll-data-bank.html,New Zealand
REID,2016-05-22 00:00:00,1000.0,56.6,,34.4,https://www.newshub.co.nz/home/politics/2017/07/new-zealand-election-2017-newshub-reid-research-poll-data-bank.html,New Zealand
REID,2016-08-03 00:00:00,1000.0,56.9,,30.7,https://www.newshub.co.nz/home/politics/2017/07/new-zealand-election-2017-newshub-reid-research-poll-data-bank.html,New Zealand
REID,2017-03-19 00:00:00,1000.0,51.8,,16.8,https://www.newshub.co.nz/home/politics/2017/07/new-zealand-election-2017-newshub-reid-research-poll-data-bank.html,New Zealand
REID,2017-06-15 00:00:00,1000.0,59.2,,16.7,https://www.newshub.co.nz/home/election/2017/07/newshub-poll-winston-peters-cements-position-as-kingmaker.html,New Zealand
REID,2017-07-28 00:00:00,1000.0,50.6,,24.2,https://www.newshub.co.nz/home/election/2017/07/newshub-poll-winston-peters-cements-position-as-kingmaker.html,New Zealand
REID,2017-08-08 00:00:00,1000.0,51.3,,23.2,https://www.curia.co.nz/issue/leader-ratings/,New Zealand
REID,2017-09-03 00:00:00,1000.0,58.0,,19.6,https://www.newshub.co.nz/home/politics/2017/07/new-zealand-election-2017-newshub-reid-research-poll-data-bank.html,New Zealand
REID,2017-09-12 00:00:00,1000.0,56.7,,21.0,https://www.newshub.co.nz/home/politics/2017/07/new-zealand-election-2017-newshub-reid-research-poll-data-bank.html,New Zealand
REID,2017-09-21 00:00:00,1000.0,59.3,,20.1,https://www.newshub.co.nz/home/politics/2017/07/new-zealand-election-2017-newshub-reid-research-poll-data-bank.html,New Zealand
REID,2018-01-28 00:00:00,1000.0,70.9,,9.3,https://www.newshub.co.nz/home/politics/2018/01/newshub-poll-labour-soars-to-popularity-not-seen-for-a-decade.html,New Zealand
UMR,1996-10-15 00:00:00,750.0,44.0,,52.0,"see ""Leader fav from 1996 to 2019"" in EAD Google Folder (UMR)",New Zealand
UMR,1996-11-15 00:00:00,750.0,51.0,,45.0,"see ""Leader fav from 1996 to 2019"" in EAD Google Folder (UMR)",New Zealand
UMR,1996-12-15 00:00:00,750.0,46.0,,51.0,"see ""Leader fav from 1996 to 2019"" in EAD Google Folder (UMR)",New Zealand
UMR,1997-02-15 00:00:00,750.0,48.0,,47.0,"see ""Leader fav from 1996 to 2019"" in EAD Google Folder (UMR)",New Zealand
UMR,1997-03-15 00:00:00,750.0,46.0,,48.0,"see ""Leader fav from 1996 to 2019"" in EAD Google Folder (UMR)",New Zealand
UMR,1997-04-15 00:00:00,750.0,44.0,,53.0,"see ""Leader fav from 1996 to 2019"" in EAD Google Folder (UMR)",New Zealand
UMR,1997-05-15 00:00:00,750.0,46.0,,50.0,"see ""Leader fav from 1996 to 2019"" in EAD Google Folder (UMR)",New Zealand
UMR,1997-06-15 00:00:00,750.0,46.0,,49.0,"see ""Leader fav from 1996 to 2019"" in EAD Google Folder (UMR)",New Zealand
UMR,1997-07-15 00:00:00,750.0,46.0,,48.0,"see ""Leader fav from 1996 to 2019"" in EAD Google Folder (UMR)",New Zealand
UMR,1997-08-15 00:00:00,750.0,45.0,,52.0,"see ""Leader fav from 1996 to 2019"" in EAD Google Folder (UMR)",New Zealand
UMR,1997-09-15 00:00:00,750.0,37.0,,60.0,"see ""Leader fav from 1996 to 2019"" in EAD Google Folder (UMR)",New Zealand
UMR,1997-10-15 00:00:00,750.0,35.0,,63.0,"see ""Leader fav from 1996 to 2019"" in EAD Google Folder (UMR)",New Zealand
UMR,1998-01-15 00:00:00,750.0,52.0,,38.0,"see ""Leader fav from 1996 to 2019"" in EAD Google Folder (UMR)",New Zealand
UMR,1998-02-15 00:00:00,750.0,56.0,,36.0,"see ""Leader fav from 1996 to 2019"" in EAD Google Folder (UMR)",New Zealand
UMR,1998-03-15 00:00:00,750.0,53.0,,39.0,"see ""Leader fav from 1996 to 2019"" in EAD Google Folder (UMR)",New Zealand
UMR,1998-04-15 00:00:00,750.0,53.0,,40.0,"see ""Leader fav from 1996 to 2019"" in EAD Google Folder (UMR)",New Zealand
UMR,1998-05-15 00:00:00,750.0,54.0,,38.0,"see ""Leader fav from 1996 to 2019"" in EAD Google Folder (UMR)",New Zealand
UMR,1998-06-15 00:00:00,750.0,53.0,,41.0,"see ""Leader fav from 1996 to 2019"" in EAD Google Folder (UMR)",New Zealand
UMR,1998-07-15 00:00:00,750.0,50.0,,46.0,"see ""Leader fav from 1996 to 2019"" in EAD Google Folder (UMR)",New Zealand
UMR,1998-08-15 00:00:00,750.0,52.0,,44.0,"see ""Leader fav from 1996 to 2019"" in EAD Google Folder (UMR)",New Zealand
UMR,1998-09-15 00:00:00,750.0,51.0,,45.0,"see ""Leader fav from 1996 to 2019"" in EAD Google Folder (UMR)",New Zealand
UMR,1998-10-15 00:00:00,750.0,35.0,,62.0,"see ""Leader fav from 1996 to 2019"" in EAD Google Folder (UMR)",New Zealand
UMR,1998-11-15 00:00:00,750.0,41.0,,55.0,"see ""Leader fav from 1996 to 2019"" in EAD Google Folder (UMR)",New Zealand
UMR,1998-12-15 00:00:00,750.0,42.0,,54.0,"see ""Leader fav from 1996 to 2019"" in EAD Google Folder (UMR)",New Zealand
UMR,1999-02-15 00:00:00,750.0,47.0,,47.0,"see ""Leader fav from 1996 to 2019"" in EAD Google Folder (UMR)",New Zealand
UMR,1999-03-15 00:00:00,750.0,44.0,,53.0,"see ""Leader fav from 1996 to 2019"" in EAD Google Folder (UMR)",New Zealand
UMR,1999-04-15 00:00:00,750.0,45.0,,52.0,"see ""Leader fav from 1996 to 2019"" in EAD Google Folder (UMR)",New Zealand
UMR,1999-05-15 00:00:00,750.0,43.0,,52.0,"see ""Leader fav from 1996 to 2019"" in EAD Google Folder (UMR)",New Zealand
UMR,1999-06-15 00:00:00,750.0,39.0,,60.0,"see ""Leader fav from 1996 to 2019"" in EAD Google Folder (UMR)",New Zealand
UMR,1999-07-15 00:00:00,750.0,39.0,,58.0,"see ""Leader fav from 1996 to 2019"" in EAD Google Folder (UMR)",New Zealand
UMR,1999-08-15 00:00:00,750.0,32.0,,65.0,"see ""Leader fav from 1996 to 2019"" in EAD Google Folder (UMR)",New Zealand
UMR,1999-09-15 00:00:00,750.0,47.0,,50.0,"see ""Leader fav from 1996 to 2019"" in EAD Google Folder (UMR)",New Zealand
UMR,1999-10-15 00:00:00,750.0,49.0,,48.0,"see ""Leader fav from 1996 to 2019"" in EAD Google Folder (UMR)",New Zealand
UMR,1999-11-15 00:00:00,750.0,51.0,,46.0,"see ""Leader fav from 1996 to 2019"" in EAD Google Folder (UMR)",New Zealand
UMR,1999-12-15 00:00:00,750.0,54.0,,44.0,"see ""Leader fav from 1996 to 2019"" in EAD Google Folder (UMR)",New Zealand
UMR,2000-01-15 00:00:00,750.0,75.0,,19.0,"see ""Leader fav from 1996 to 2019"" in EAD Google Folder (UMR)",New Zealand
UMR,2000-02-15 00:00:00,750.0,76.0,,21.0,"see ""Leader fav from 1996 to 2019"" in EAD Google Folder (UMR)",New Zealand
UMR,2000-03-15 00:00:00,750.0,77.0,,19.0,https://thespinoff.co.nz/politics/23-03-2017/a-statistical-analysis-of-john-keys-legacy/?fbclid=IwAR2l2qUvhTgKF5TGRQnSEUgUyRnIGFPO7tbBAEw9q9giBgrDuslPRcjjJWg,New Zealand
UMR,2000-04-15 00:00:00,750.0,77.0,,20.0,"see ""Leader fav from 1996 to 2019"" in EAD Google Folder (UMR)",New Zealand
UMR,2000-05-15 00:00:00,750.0,66.0,,30.0,"see ""Leader fav from 1996 to 2019"" in EAD Google Folder (UMR)",New Zealand
UMR,2000-06-15 00:00:00,750.0,70.0,,27.0,"see ""Leader fav from 1996 to 2019"" in EAD Google Folder (UMR)",New Zealand
UMR,2000-07-15 00:00:00,750.0,67.0,,31.0,"see ""Leader fav from 1996 to 2019"" in EAD Google Folder (UMR)",New Zealand
UMR,2000-08-15 00:00:00,750.0,67.0,,31.0,"see ""Leader fav from 1996 to 2019"" in EAD Google Folder (UMR)",New Zealand
UMR,2000-09-15 00:00:00,750.0,59.0,,37.0,"see ""Leader fav from 1996 to 2019"" in EAD Google Folder (UMR)",New Zealand
UMR,2000-10-15 00:00:00,750.0,58.0,,38.0,"see ""Leader fav from 1996 to 2019"" in EAD Google Folder (UMR)",New Zealand
UMR,2000-11-15 00:00:00,750.0,61.0,,35.0,"see ""Leader fav from 1996 to 2019"" in EAD Google Folder (UMR)",New Zealand
UMR,2000-12-15 00:00:00,750.0,67.0,,30.0,"see ""Leader fav from 1996 to 2019"" in EAD Google Folder (UMR)",New Zealand
UMR,2001-02-15 00:00:00,750.0,69.0,,28.0,"see ""Leader fav from 1996 to 2019"" in EAD Google Folder (UMR)",New Zealand
UMR,2001-03-15 00:00:00,750.0,69.0,,30.0,"see ""Leader fav from 1996 to 2019"" in EAD Google Folder (UMR)",New Zealand
UMR,2001-04-15 00:00:00,750.0,70.0,,27.0,"see ""Leader fav from 1996 to 2019"" in EAD Google Folder (UMR)",New Zealand
UMR,2001-05-15 00:00:00,750.0,70.0,,26.0,"see ""Leader fav from 1996 to 2019"" in EAD Google Folder (UMR)",New Zealand
UMR,2001-06-15 00:00:00,750.0,67.0,,30.0,"see ""Leader fav from 1996 to 2019"" in EAD Google Folder (UMR)",New Zealand
UMR,2001-07-15 00:00:00,750.0,65.0,,31.0,"see ""Leader fav from 1996 to 2019"" in EAD Google Folder (UMR)",New Zealand
UMR,2001-08-15 00:00:00,750.0,67.0,,31.0,"see ""Leader fav from 1996 to 2019"" in EAD Google Folder (UMR)",New Zealand
UMR,2001-09-15 00:00:00,750.0,66.0,,32.0,"see ""Leader fav from 1996 to 2019"" in EAD Google Folder (UMR)",New Zealand
UMR,2001-10-15 00:00:00,750.0,68.0,,29.0,"see ""Leader fav from 1996 to 2019"" in EAD Google Folder (UMR)",New Zealand
UMR,2001-11-15 00:00:00,750.0,68.0,,28.0,"see ""Leader fav from 1996 to 2019"" in EAD Google Folder (UMR)",New Zealand
UMR,2001-12-15 00:00:00,750.0,69.0,,28.0,"see ""Leader fav from 1996 to 2019"" in EAD Google Folder (UMR)",New Zealand
UMR,2002-01-15 00:00:00,750.0,72.0,,24.0,"see ""Leader fav from 1996 to 2019"" in EAD Google Folder (UMR)",New Zealand
UMR,2002-03-15 00:00:00,750.0,70.0,,27.0,"see ""Leader fav from 1996 to 2019"" in EAD Google Folder (UMR)",New Zealand
UMR,2002-04-15 00:00:00,750.0,78.0,,20.0,"see ""Leader fav from 1996 to 2019"" in EAD Google Folder (UMR)",New Zealand
UMR,2002-05-15 00:00:00,750.0,74.0,,24.0,"see ""Leader fav from 1996 to 2019"" in EAD Google Folder (UMR)",New Zealand
UMR,2002-06-15 00:00:00,750.0,75.0,,23.0,"see ""Leader fav from 1996 to 2019"" in EAD Google Folder (UMR)",New Zealand
UMR,2002-08-15 00:00:00,750.0,70.0,,28.0,"see ""Leader fav from 1996 to 2019"" in EAD Google Folder (UMR)",New Zealand
UMR,2002-09-15 00:00:00,750.0,75.0,,24.0,"see ""Leader fav from 1996 to 2019"" in EAD Google Folder (UMR)",New Zealand
UMR,2002-10-15 00:00:00,750.0,75.0,,23.0,"see ""Leader fav from 1996 to 2019"" in EAD Google Folder (UMR)",New Zealand
UMR,2002-11-15 00:00:00,750.0,72.0,,25.0,"see ""Leader fav from 1996 to 2019"" in EAD Google Folder (UMR)",New Zealand
UMR,2002-12-15 00:00:00,750.0,74.0,,23.0,"see ""Leader fav from 1996 to 2019"" in EAD Google Folder (UMR)",New Zealand
UMR,2003-01-15 00:00:00,750.0,74.0,,24.0,"see ""Leader fav from 1996 to 2019"" in EAD Google Folder (UMR)",New Zealand
UMR,2003-02-15 00:00:00,750.0,75.0,,23.0,"see ""Leader fav from 1996 to 2019"" in EAD Google Folder (UMR)",New Zealand
UMR,2003-03-15 00:00:00,750.0,72.0,,25.0,"see ""Leader fav from 1996 to 2019"" in EAD Google Folder (UMR)",New Zealand
UMR,2003-04-15 00:00:00,750.0,70.0,,27.0,"see ""Leader fav from 1996 to 2019"" in EAD Google Folder (UMR)",New Zealand
UMR,2003-05-15 00:00:00,750.0,68.0,,30.0,"see ""Leader fav from 1996 to 2019"" in EAD Google Folder (UMR)",New Zealand
UMR,2003-06-15 00:00:00,750.0,72.0,,26.0,"see ""Leader fav from 1996 to 2019"" in EAD Google Folder (UMR)",New Zealand
UMR,2003-07-15 00:00:00,750.0,67.0,,31.0,"see ""Leader fav from 1996 to 2019"" in EAD Google Folder (UMR)",New Zealand
UMR,2003-08-15 00:00:00,750.0,68.0,,29.0,"see ""Leader fav from 1996 to 2019"" in EAD Google Folder (UMR)",New Zealand
UMR,2003-09-15 00:00:00,750.0,67.0,,31.0,"see ""Leader fav from 1996 to 2019"" in EAD Google Folder (UMR)",New Zealand
UMR,2003-10-15 00:00:00,750.0,64.0,,34.0,"see ""Leader fav from 1996 to 2019"" in EAD Google Folder (UMR)",New Zealand
UMR,2003-11-15 00:00:00,750.0,65.0,,34.0,"see ""Leader fav from 1996 to 2019"" in EAD Google Folder (UMR)",New Zealand
UMR,2003-12-15 00:00:00,750.0,63.0,,34.0,"see ""Leader fav from 1996 to 2019"" in EAD Google Folder (UMR)",New Zealand
UMR,2004-01-15 00:00:00,750.0,67.0,,31.0,umr_mood_of_the_nation_2005.pdf,New Zealand
UMR,2004-02-15 00:00:00,750.0,62.0,,37.0,umr_mood_of_the_nation_2005.pdf,New Zealand
UMR,2004-03-15 00:00:00,750.0,67.0,,30.0,umr_mood_of_the_nation_2005.pdf,New Zealand
UMR,2004-04-15 00:00:00,750.0,62.0,,35.0,umr_mood_of_the_nation_2005.pdf,New Zealand
UMR,2004-05-15 00:00:00,750.0,63.0,,35.0,umr_mood_of_the_nation_2005.pdf,New Zealand
UMR,2004-06-15 00:00:00,750.0,63.0,,35.0,umr_mood_of_the_nation_2005.pdf,New Zealand
UMR,2004-07-15 00:00:00,750.0,61.0,,38.0,umr_mood_of_the_nation_2005.pdf,New Zealand
UMR,2004-08-15 00:00:00,750.0,64.0,,34.0,umr_mood_of_the_nation_2005.pdf,New Zealand
UMR,2004-09-15 00:00:00,750.0,63.0,,35.0,umr_mood_of_the_nation_2005.pdf,New Zealand
UMR,2004-10-15 00:00:00,750.0,68.0,,30.0,umr_mood_of_the_nation_2005.pdf,New Zealand
UMR,2004-11-15 00:00:00,750.0,65.0,,34.0,umr_mood_of_the_nation_2005.pdf,New Zealand
UMR,2004-12-15 00:00:00,750.0,68.0,,31.0,umr_mood_of_the_nation_2005.pdf,New Zealand
UMR,2005-01-15 00:00:00,750.0,66.0,,31.0,umr_mood_of_the_nation_2006.pdf,New Zealand
UMR,2005-02-15 00:00:00,750.0,65.0,,33.0,umr_mood_of_the_nation_2006.pdf,New Zealand
UMR,2005-03-15 00:00:00,750.0,66.0,,32.0,umr_mood_of_the_nation_2006.pdf,New Zealand
UMR,2005-04-15 00:00:00,750.0,65.0,,33.0,umr_mood_of_the_nation_2006.pdf,New Zealand
UMR,2005-05-15 00:00:00,750.0,60.0,,37.0,umr_mood_of_the_nation_2006.pdf,New Zealand
UMR,2005-06-15 00:00:00,750.0,60.0,,39.0,umr_mood_of_the_nation_2006.pdf,New Zealand
UMR,2005-07-15 00:00:00,750.0,65.0,,34.0,umr_mood_of_the_nation_2006.pdf,New Zealand
UMR,2005-08-15 00:00:00,750.0,64.0,,35.0,umr_mood_of_the_nation_2006.pdf,New Zealand
UMR,2005-10-15 00:00:00,750.0,63.0,,35.0,umr_mood_of_the_nation_2006.pdf,New Zealand
UMR,2005-11-15 00:00:00,750.0,67.0,,32.0,umr_mood_of_the_nation_2006.pdf,New Zealand
UMR,2005-12-15 00:00:00,750.0,68.0,,31.0,umr_mood_of_the_nation_2006.pdf,New Zealand
UMR,2006-01-15 00:00:00,750.0,63.0,,35.0,umr_mood_of_the_nation_2007.pdf,New Zealand
UMR,2006-02-28 00:00:00,750.0,66.0,,31.0,umr_mood_of_the_nation_2007.pdf,New Zealand
UMR,2006-03-30 00:00:00,750.0,63.0,,36.0,umr_mood_of_the_nation_2007.pdf,New Zealand
UMR,2006-04-30 00:00:00,750.0,62.0,,37.0,umr_mood_of_the_nation_2007.pdf,New Zealand
UMR,2006-05-30 00:00:00,750.0,62.0,,36.0,umr_mood_of_the_nation_2007.pdf,New Zealand
UMR,2006-06-30 00:00:00,750.0,63.0,,35.0,umr_mood_of_the_nation_2007.pdf,New Zealand
UMR,2006-07-15 00:00:00,750.0,65.0,,32.0,umr_mood_of_the_nation_2007.pdf,New Zealand
UMR,2006-08-15 00:00:00,750.0,61.0,,37.0,umr_mood_of_the_nation_2007.pdf,New Zealand
UMR,2006-09-15 00:00:00,750.0,60.0,,38.0,umr_mood_of_the_nation_2007.pdf,New Zealand
UMR,2006-10-15 00:00:00,750.0,58.0,,41.0,umr_mood_of_the_nation_2007.pdf,New Zealand
UMR,2006-11-15 00:00:00,750.0,54.0,,44.0,umr_mood_of_the_nation_2007.pdf,New Zealand
UMR,2006-12-15 00:00:00,750.0,60.0,,38.0,umr_mood_of_the_nation_2007.pdf,New Zealand
UMR,2007-01-15 00:00:00,750.0,62.0,,36.0,umr_mood_of_the_nation_2008.pdf,New Zealand
UMR,2007-02-15 00:00:00,750.0,60.0,,38.0,umr_mood_of_the_nation_2008.pdf,New Zealand
UMR,2007-03-15 00:00:00,750.0,60.0,,37.0,umr_mood_of_the_nation_2008.pdf,New Zealand
UMR,2007-04-15 00:00:00,750.0,58.0,,40.0,umr_mood_of_the_nation_2008.pdf,New Zealand
UMR,2007-05-15 00:00:00,750.0,57.0,,41.0,umr_mood_of_the_nation_2008.pdf,New Zealand
UMR,2007-06-15 00:00:00,750.0,59.0,,39.0,umr_mood_of_the_nation_2008.pdf,New Zealand
UMR,2007-07-15 00:00:00,750.0,58.0,,39.0,umr_mood_of_the_nation_2008.pdf,New Zealand
UMR,2007-08-15 00:00:00,750.0,59.0,,38.0,umr_mood_of_the_nation_2008.pdf,New Zealand
UMR,2007-09-15 00:00:00,750.0,59.0,,39.0,umr_mood_of_the_nation_2008.pdf,New Zealand
UMR,2007-10-15 00:00:00,750.0,62.0,,36.0,umr_mood_of_the_nation_2008.pdf,New Zealand
UMR,2007-11-15 00:00:00,750.0,61.0,,38.0,umr_mood_of_the_nation_2008.pdf,New Zealand
UMR,2007-12-15 00:00:00,750.0,57.0,,42.0,umr_mood_of_the_nation_2008.pdf,New Zealand
UMR,2008-01-15 00:00:00,750.0,60.0,,38.0,umr_mood_of_the_nation_2009.pdf,New Zealand
UMR,2008-02-15 00:00:00,750.0,58.0,,40.0,umr_mood_of_the_nation_2009.pdf,New Zealand
UMR,2008-03-15 00:00:00,750.0,56.0,,42.0,umr_mood_of_the_nation_2009.pdf,New Zealand
UMR,2008-04-15 00:00:00,750.0,55.0,,43.0,umr_mood_of_the_nation_2009.pdf,New Zealand
UMR,2008-05-15 00:00:00,750.0,56.0,,42.0,umr_mood_of_the_nation_2009.pdf,New Zealand
UMR,2008-06-15 00:00:00,750.0,55.0,,43.0,umr_mood_of_the_nation_2009.pdf,New Zealand
UMR,2008-07-15 00:00:00,750.0,53.0,,45.0,umr_mood_of_the_nation_2009.pdf,New Zealand
UMR,2008-08-15 00:00:00,750.0,62.0,,36.0,umr_mood_of_the_nation_2009.pdf,New Zealand
UMR,2008-09-15 00:00:00,750.0,57.0,,42.0,umr_mood_of_the_nation_2009.pdf,New Zealand
UMR,2008-10-15 00:00:00,750.0,63.0,,35.0,umr_mood_of_the_nation_2009.pdf,New Zealand
UMR,2008-12-15 00:00:00,750.0,70.0,,22.0,umr_mood_of_the_nation_2009.pdf,New Zealand
UMR,2009-01-15 00:00:00,750.0,75.0,,20.0,umr_mood_of_the_nation_2010,New Zealand
UMR,2009-02-15 00:00:00,750.0,76.0,,17.0,umr_mood_of_the_nation_2010,New Zealand
UMR,2009-03-15 00:00:00,750.0,76.0,,19.0,umr_mood_of_the_nation_2010,New Zealand
UMR,2009-04-15 00:00:00,750.0,79.0,,16.0,umr_mood_of_the_nation_2010,New Zealand
UMR,2009-05-15 00:00:00,750.0,76.0,,18.0,umr_mood_of_the_nation_2010,New Zealand
UMR,2009-06-15 00:00:00,750.0,80.0,,16.0,umr_mood_of_the_nation_2010,New Zealand
UMR,2009-07-15 00:00:00,750.0,76.0,,20.0,umr_mood_of_the_nation_2010,New Zealand
UMR,2009-08-15 00:00:00,750.0,76.0,,20.0,umr_mood_of_the_nation_2010,New Zealand
UMR,2009-09-15 00:00:00,750.0,75.0,,21.0,umr_mood_of_the_nation_2010,New Zealand
UMR,2009-10-15 00:00:00,750.0,81.0,,15.0,umr_mood_of_the_nation_2010,New Zealand
UMR,2009-11-15 00:00:00,750.0,77.0,,20.0,umr_mood_of_the_nation_2010,New Zealand
UMR,2009-12-15 00:00:00,750.0,76.0,,22.0,umr_mood_of_the_nation_2010,New Zealand
UMR,2010-01-15 00:00:00,750.0,77.0,,20.0,https://www.yumpu.com/en/document/read/9122045/annual-review-mood-of-the-nation-umr-research,New Zealand
UMR,2010-02-15 00:00:00,750.0,73.0,,24.0,https://www.yumpu.com/en/document/read/9122045/annual-review-mood-of-the-nation-umr-research,New Zealand
UMR,2010-03-15 00:00:00,750.0,76.0,,20.0,https://www.yumpu.com/en/document/read/9122045/annual-review-mood-of-the-nation-umr-research,New Zealand
UMR,2010-04-15 00:00:00,750.0,72.0,,25.0,https://www.yumpu.com/en/document/read/9122045/annual-review-mood-of-the-nation-umr-research,New Zealand
UMR,2010-05-15 00:00:00,750.0,69.0,,27.0,https://www.yumpu.com/en/document/read/9122045/annual-review-mood-of-the-nation-umr-research,New Zealand
UMR,2010-06-15 00:00:00,750.0,74.0,,23.0,https://www.yumpu.com/en/document/read/9122045/annual-review-mood-of-the-nation-umr-research,New Zealand
UMR,2010-07-15 00:00:00,750.0,71.0,,25.0,https://www.yumpu.com/en/document/read/9122045/annual-review-mood-of-the-nation-umr-research,New Zealand
UMR,2010-08-15 00:00:00,750.0,76.0,,21.0,https://www.yumpu.com/en/document/read/9122045/annual-review-mood-of-the-nation-umr-research,New Zealand
UMR,2010-09-15 00:00:00,750.0,76.0,,20.0,https://www.yumpu.com/en/document/read/9122045/annual-review-mood-of-the-nation-umr-research,New Zealand
UMR,2010-10-15 00:00:00,750.0,77.0,,18.0,https://www.yumpu.com/en/document/read/9122045/annual-review-mood-of-the-nation-umr-research,New Zealand
UMR,2010-11-15 00:00:00,750.0,75.0,,22.0,https://www.yumpu.com/en/document/read/9122045/annual-review-mood-of-the-nation-umr-research,New Zealand
UMR,2010-12-15 00:00:00,750.0,81.0,,17.0,https://www.yumpu.com/en/document/read/9122045/annual-review-mood-of-the-nation-umr-research,New Zealand
UMR,2011-01-15 00:00:00,750.0,73.0,,24.0,https://www.yumpu.com/en/document/read/9122045/annual-review-mood-of-the-nation-umr-research,New Zealand
UMR,2011-02-15 00:00:00,750.0,75.0,,21.0,https://www.yumpu.com/en/document/read/9122045/annual-review-mood-of-the-nation-umr-research,New Zealand
UMR,2011-03-15 00:00:00,750.0,79.0,,19.0,https://www.yumpu.com/en/document/read/9122045/annual-review-mood-of-the-nation-umr-research,New Zealand
UMR,2011-04-15 00:00:00,750.0,74.0,,23.0,https://www.yumpu.com/en/document/read/9122045/annual-review-mood-of-the-nation-umr-research,New Zealand
UMR,2011-05-15 00:00:00,750.0,73.0,,25.0,https://www.yumpu.com/en/document/read/9122045/annual-review-mood-of-the-nation-umr-research,New Zealand
UMR,2011-06-15 00:00:00,750.0,71.0,,26.0,https://www.yumpu.com/en/document/read/9122045/annual-review-mood-of-the-nation-umr-research,New Zealand
UMR,2011-07-15 00:00:00,750.0,75.0,,23.0,https://www.yumpu.com/en/document/read/9122045/annual-review-mood-of-the-nation-umr-research,New Zealand
UMR,2011-08-15 00:00:00,750.0,71.0,,26.0,https://www.yumpu.com/en/document/read/9122045/annual-review-mood-of-the-nation-umr-research,New Zealand
UMR,2011-09-15 00:00:00,750.0,72.0,,24.0,https://www.yumpu.com/en/document/read/9122045/annual-review-mood-of-the-nation-umr-research,New Zealand
UMR,2011-10-15 00:00:00,750.0,72.0,,26.0,https://www.yumpu.com/en/document/read/9122045/annual-review-mood-of-the-nation-umr-research,New Zealand
UMR,2011-12-15 00:00:00,750.0,63.0,,32.0,https://www.yumpu.com/en/document/read/9122045/annual-review-mood-of-the-nation-umr-research,New Zealand
UMR,2012-01-15 00:00:00,750.0,64.0,,33.0,https://www.yumpu.com/en/document/read/53401020/annual-review-mood-of-the-nation/2,New Zealand
UMR,2012-02-15 00:00:00,750.0,62.0,,34.0,https://www.yumpu.com/en/document/read/53401020/annual-review-mood-of-the-nation/2,New Zealand
UMR,2012-03-15 00:00:00,750.0,64.0,,34.0,https://www.yumpu.com/en/document/read/53401020/annual-review-mood-of-the-nation/2,New Zealand
UMR,2012-04-15 00:00:00,750.0,59.0,,35.0,https://www.yumpu.com/en/document/read/53401020/annual-review-mood-of-the-nation/2,New Zealand
UMR,2012-05-15 00:00:00,750.0,61.0,,37.0,https://www.yumpu.com/en/document/read/53401020/annual-review-mood-of-the-nation/2,New Zealand
UMR,2012-06-15 00:00:00,750.0,62.0,,36.0,https://www.yumpu.com/en/document/read/53401020/annual-review-mood-of-the-nation/2,New Zealand
UMR,2012-07-15 00:00:00,750.0,58.0,,38.0,https://www.yumpu.com/en/document/read/53401020/annual-review-mood-of-the-nation/2,New Zealand
UMR,2012-08-15 00:00:00,750.0,59.0,,36.0,https://www.yumpu.com/en/document/read/53401020/annual-review-mood-of-the-nation/2,New Zealand
UMR,2012-09-15 00:00:00,750.0,61.0,,35.0,https://www.yumpu.com/en/document/read/53401020/annual-review-mood-of-the-nation/2,New Zealand
UMR,2012-10-15 00:00:00,750.0,57.0,,38.0,https://www.yumpu.com/en/document/read/53401020/annual-review-mood-of-the-nation/2,New Zealand
UMR,2012-11-15 00:00:00,750.0,62.0,,34.0,https://www.yumpu.com/en/document/read/53401020/annual-review-mood-of-the-nation/2,New Zealand
UMR,2012-12-15 00:00:00,750.0,58.0,,37.0,https://www.yumpu.com/en/document/read/53401020/annual-review-mood-of-the-nation/2,New Zealand
UMR,2013-01-15 00:00:00,750.0,57.0,,39.0,mood_of_the_nation_2014_released_2015_final_1,New Zealand
UMR,2013-02-15 00:00:00,750.0,63.0,,32.0,mood_of_the_nation_2014_released_2015_final_1,New Zealand
UMR,2013-03-15 00:00:00,750.0,59.0,,37.0,mood_of_the_nation_2014_released_2015_final_1,New Zealand
UMR,2013-04-15 00:00:00,750.0,55.0,,40.0,mood_of_the_nation_2014_released_2015_final_1,New Zealand
UMR,2013-05-15 00:00:00,750.0,59.0,,39.0,mood_of_the_nation_2014_released_2015_final_1,New Zealand
UMR,2013-06-15 00:00:00,750.0,62.0,,35.0,mood_of_the_nation_2014_released_2015_final_1,New Zealand
UMR,2013-07-15 00:00:00,750.0,55.0,,41.0,mood_of_the_nation_2014_released_2015_final_1,New Zealand
UMR,2013-08-15 00:00:00,750.0,55.0,,41.0,mood_of_the_nation_2014_released_2015_final_1,New Zealand
UMR,2013-09-15 00:00:00,750.0,52.0,,43.0,mood_of_the_nation_2014_released_2015_final_1,New Zealand
UMR,2013-10-15 00:00:00,750.0,56.0,,40.0,mood_of_the_nation_2014_released_2015_final_1,New Zealand
UMR,2013-10-30 00:00:00,750.0,60.0,,36.0,mood_of_the_nation_2014_released_2015_final_1,New Zealand
UMR,2013-11-15 00:00:00,750.0,60.0,,38.0,mood_of_the_nation_2014_released_2015_final_1,New Zealand
UMR,2014-01-15 00:00:00,750.0,59.0,,38.0,final_mood_of_the_nation_2015_released_2016_0,New Zealand
UMR,2014-02-15 00:00:00,750.0,59.0,,39.0,final_mood_of_the_nation_2015_released_2016_0,New Zealand
UMR,2014-03-15 00:00:00,750.0,60.0,,35.0,final_mood_of_the_nation_2015_released_2016_0,New Zealand
UMR,2014-04-15 00:00:00,750.0,64.0,,33.0,final_mood_of_the_nation_2015_released_2016_0,New Zealand
UMR,2014-05-15 00:00:00,750.0,66.0,,32.0,final_mood_of_the_nation_2015_released_2016_0,New Zealand
UMR,2014-06-15 00:00:00,750.0,61.0,,35.0,final_mood_of_the_nation_2015_released_2016_0,New Zealand
UMR,2014-06-30 00:00:00,750.0,65.0,,33.0,final_mood_of_the_nation_2015_released_2016_0,New Zealand
UMR,2014-07-15 00:00:00,750.0,62.0,,35.0,final_mood_of_the_nation_2015_released_2016_0,New Zealand
UMR,2014-08-15 00:00:00,750.0,60.0,,36.0,final_mood_of_the_nation_2015_released_2016_0,New Zealand
UMR,2014-09-15 00:00:00,750.0,65.0,,31.0,final_mood_of_the_nation_2015_released_2016_0,New Zealand
UMR,2014-10-15 00:00:00,750.0,64.0,,33.0,final_mood_of_the_nation_2015_released_2016_0,New Zealand
UMR,2014-11-15 00:00:00,750.0,61.0,,36.0,final_mood_of_the_nation_2015_released_2016_0,New Zealand
UMR,2014-12-15 00:00:00,750.0,58.0,,37.0,final_mood_of_the_nation_2015_released_2016_0,New Zealand
UMR,2015-01-15 00:00:00,750.0,60.0,,36.0,final_mood_of_the_nation_2015_released_2016_0,New Zealand
UMR,2015-02-15 00:00:00,750.0,56.0,,40.0,final_mood_of_the_nation_2015_released_2016_0,New Zealand
UMR,2015-03-15 00:00:00,750.0,61.0,,35.0,final_mood_of_the_nation_2015_released_2016_0,New Zealand
UMR,2015-04-15 00:00:00,750.0,56.0,,41.0,final_mood_of_the_nation_2015_released_2016_0,New Zealand
UMR,2015-05-15 00:00:00,750.0,56.0,,41.0,final_mood_of_the_nation_2015_released_2016_0,New Zealand
UMR,2015-06-15 00:00:00,750.0,57.0,,42.0,final_mood_of_the_nation_2015_released_2016_0,New Zealand
UMR,2015-07-15 00:00:00,750.0,51.0,,44.0,final_mood_of_the_nation_2015_released_2016_0,New Zealand
UMR,2015-08-15 00:00:00,750.0,55.0,,41.0,final_mood_of_the_nation_2015_released_2016_0,New Zealand
UMR,2015-09-15 00:00:00,750.0,54.0,,43.0,final_mood_of_the_nation_2015_released_2016_0,New Zealand
UMR,2015-10-15 00:00:00,750.0,57.0,,40.0,final_mood_of_the_nation_2015_released_2016_0,New Zealand
UMR,2015-11-15 00:00:00,750.0,56.0,,42.0,final_mood_of_the_nation_2015_released_2016_0,New Zealand
UMR,2015-12-15 00:00:00,750.0,56.0,,40.0,final_mood_of_the_nation_2015_released_2016_0,New Zealand
UMR,2016-01-15 00:00:00,750.0,55.0,,43.0,"see ""Leader fav from 1996 to 2019"" in EAD Google Folder (UMR)",New Zealand
UMR,2016-02-15 00:00:00,750.0,55.0,,42.0,"see ""Leader fav from 1996 to 2019"" in EAD Google Folder (UMR)",New Zealand
UMR,2016-03-15 00:00:00,750.0,50.0,,48.0,"see ""Leader fav from 1996 to 2019"" in EAD Google Folder (UMR)",New Zealand
UMR,2016-04-15 00:00:00,750.0,51.0,,47.0,"see ""Leader fav from 1996 to 2019"" in EAD Google Folder (UMR)",New Zealand
UMR,2016-05-15 00:00:00,750.0,52.0,,46.0,"see ""Leader fav from 1996 to 2019"" in EAD Google Folder (UMR)",New Zealand
UMR,2016-06-15 00:00:00,750.0,54.0,,42.0,"see ""Leader fav from 1996 to 2019"" in EAD Google Folder (UMR)",New Zealand
UMR,2016-07-15 00:00:00,750.0,53.0,,45.0,"see ""Leader fav from 1996 to 2019"" in EAD Google Folder (UMR)",New Zealand
UMR,2016-08-15 00:00:00,750.0,51.0,,46.0,"see ""Leader fav from 1996 to 2019"" in EAD Google Folder (UMR)",New Zealand
UMR,2016-09-15 00:00:00,750.0,57.0,,39.0,"see ""Leader fav from 1996 to 2019"" in EAD Google Folder (UMR)",New Zealand
UMR,2016-10-15 00:00:00,750.0,58.0,,40.0,"see ""Leader fav from 1996 to 2019"" in EAD Google Folder (UMR)",New Zealand
UMR,2016-11-15 00:00:00,750.0,58.0,,40.0,"see ""Leader fav from 1996 to 2019"" in EAD Google Folder (UMR)",New Zealand
UMR,2016-12-15 00:00:00,750.0,68.0,,29.0,"see ""Leader fav from 1996 to 2019"" in EAD Google Folder (UMR)",New Zealand
UMR,2017-01-15 00:00:00,750.0,68.0,,23.0,"see ""Leader fav from 1996 to 2019"" in EAD Google Folder (UMR)",New Zealand
UMR,2017-02-15 00:00:00,750.0,65.0,,22.0,"see ""Leader fav from 1996 to 2019"" in EAD Google Folder (UMR)",New Zealand
UMR,2017-03-15 00:00:00,750.0,58.0,,30.0,"see ""Leader fav from 1996 to 2019"" in EAD Google Folder (UMR)",New Zealand
UMR,2017-04-15 00:00:00,750.0,63.0,,29.0,"see ""Leader fav from 1996 to 2019"" in EAD Google Folder (UMR)",New Zealand
UMR,2017-05-15 00:00:00,750.0,61.0,,29.0,"see ""Leader fav from 1996 to 2019"" in EAD Google Folder (UMR)",New Zealand
UMR,2017-06-15 00:00:00,750.0,55.0,,36.0,"see ""Leader fav from 1996 to 2019"" in EAD Google Folder (UMR)",New Zealand
UMR,2017-07-15 00:00:00,750.0,61.0,,30.0,"see ""Leader fav from 1996 to 2019"" in EAD Google Folder (UMR)",New Zealand
UMR,2017-08-15 00:00:00,750.0,59.0,,36.0,"see ""Leader fav from 1996 to 2019"" in EAD Google Folder (UMR)",New Zealand
UMR,2017-09-15 00:00:00,750.0,62.0,,34.0,"see ""Leader fav from 1996 to 2019"" in EAD Google Folder (UMR)",New Zealand
UMR,2017-10-15 00:00:00,750.0,66.0,,28.0,"see ""Leader fav from 1996 to 2019"" in EAD Google Folder (UMR)",New Zealand
UMR,2017-11-15 00:00:00,750.0,73.0,,19.0,"see ""Leader fav from 1996 to 2019"" in EAD Google Folder (UMR)",New Zealand
UMR,2017-12-15 00:00:00,750.0,73.0,,19.0,"see ""Leader fav from 1996 to 2019"" in EAD Google Folder (UMR)",New Zealand
UMR,2018-01-15 00:00:00,750.0,74.0,,18.0,"see ""Leader fav from 1996 to 2019"" in EAD Google Folder (UMR)",New Zealand
UMR,2018-02-15 00:00:00,600.0,79.0,,14.0,"see ""Leader fav from 1996 to 2019"" in EAD Google Folder (UMR)",New Zealand
UMR,2018-03-15 00:00:00,600.0,75.0,,17.0,"see ""Leader fav from 1996 to 2019"" in EAD Google Folder (UMR)",New Zealand
UMR,2018-04-15 00:00:00,600.0,74.0,,18.0,"see ""Leader fav from 1996 to 2019"" in EAD Google Folder (UMR)",New Zealand
UMR,2018-05-15 00:00:00,600.0,76.0,,19.0,"see ""Leader fav from 1996 to 2019"" in EAD Google Folder (UMR)",New Zealand
UMR,2018-06-15 00:00:00,600.0,75.0,,16.0,"see ""Leader fav from 1996 to 2019"" in EAD Google Folder (UMR)",New Zealand
UMR,2018-07-15 00:00:00,600.0,74.0,,18.0,"see ""Leader fav from 1996 to 2019"" in EAD Google Folder (UMR)",New Zealand
UMR,2018-08-15 00:00:00,600.0,74.0,,20.0,"see ""Leader fav from 1996 to 2019"" in EAD Google Folder (UMR)",New Zealand
UMR,2018-09-15 00:00:00,600.0,73.0,,18.0,"see ""Leader fav from 1996 to 2019"" in EAD Google Folder (UMR)",New Zealand
UMR,2018-10-15 00:00:00,600.0,72.0,,24.0,"see ""Leader fav from 1996 to 2019"" in EAD Google Folder (UMR)",New Zealand
UMR,2018-11-15 00:00:00,600.0,74.0,,20.0,"see ""Leader fav from 1996 to 2019"" in EAD Google Folder (UMR)",New Zealand
UMR,2018-12-15 00:00:00,600.0,75.0,,21.0,"see ""Leader fav from 1996 to 2019"" in EAD Google Folder (UMR)",New Zealand
UMR,2019-01-15 00:00:00,600.0,76.0,,19.0,"see ""Leader fav from 1996 to 2019"" in EAD Google Folder (UMR)",New Zealand
UMR,2019-02-15 00:00:00,600.0,74.0,,20.0,"see ""Leader fav from 1996 to 2019"" in EAD Google Folder (UMR)",New Zealand
UMR,2019-03-15 00:00:00,1000.0,74.738,,19.629,,New Zealand
UMR,2019-04-15 00:00:00,1000.0,76.757,,17.782,,New Zealand
UMR,2019-05-15 00:00:00,1000.0,73.399,,19.317,,New Zealand
UMR,2019-06-15 00:00:00,1000.0,72.326,,20.973,,New Zealand
UMR,2019-07-15 00:00:00,1000.0,66.0,,31.0,,New Zealand
UMR,2019-08-15 00:00:00,1000.0,63.985,,33.46,,New Zealand
UMR,2019-09-15 00:00:00,1000.0,64.009,,34.035,,New Zealand
UMR,2019-10-15 00:00:00,1000.0,61.275,,36.156,,New Zealand
UMR,2019-11-15 00:00:00,1000.0,64.084,,33.818,,New Zealand
