Date,Approval,Prime Minister,Party,Series,Source,Status
9/12/2025,56,Mark Carney,Liberal,RESEARCHCO,https://researchco.ca/2025/09/15/cdnpoli-sept2025/,APPROVED
10/5/2025,47,Mark Carney,Liberal,LEGER,https://leger360.com/federal-government-satisfaction-2/,APPROVED
11/30/2025,51,Mark Carney,Liberal,LEGER,https://leger360.com/politics-canada-leger-dec-2025/,APPROVED
2/6/2026,55,Mark Carney,Liberal,RESEARCHCO,https://researchco.ca/2026/02/09/cdnpoli-feb2026/,APPROVED
2/26/2026,58,Mark Carney,Liberal,IPSOS,https://www.ipsos.com/en-ca/carney-approval-climbs-after-one-year-outpacing-poilievre-support-momentum,APPROVED
3/2/2026,61,Mark Carney,Liberal,LEGER,https://leger360.com/in-the-news-carney-liberals-climb-49-percent-14-points-lead-leger-march-2026/,APPROVED
3/21/2026,64,Mark Carney,Liberal,LIAISON,https://press.liaisonstrategies.ca/federal-tracker-liberals-maintain-14-point-national-lead-2/,APPROVED
4/17/2026,59,Mark Carney,Liberal,ANGUSREID,https://angusreid.org/poilievre-favourability-conservative-carney-liberal-majority/,APPROVED
4/20/2026,58,Mark Carney,Liberal,ANGUSREID,https://angusreid.org/carney-one-year-approval-campaign-promises-liberals/,APPROVED
4/26/2026,59,Mark Carney,Liberal,LEGER,https://leger360.com/federal-politics-liberals-hold-lead-april-2026/,APPROVED
5/2/2026,60,Mark Carney,Liberal,LIAISON,https://press.liaisonstrategies.ca/federal-tracker-liberals-hold-double-digit-lead-carney-approval-slips/,APPROVED
5/8/2026,56,Mark Carney,Liberal,RESEARCHCO,https://researchco.ca/2026/05/11/cdnpoli-may2026/,APPROVED
5/9/2026,58,Mark Carney,Liberal,LIAISON,https://press.liaisonstrategies.ca/federal-tracker-liberals-lead-but-carney-approval-continues-slide/,APPROVED
5/16/2026,56,Mark Carney,Liberal,LIAISON,https://press.liaisonstrategies.ca/federal-tracker-liberals-lead-conservatives-by-9/,APPROVED
5/23/2026,59,Mark Carney,Liberal,LIAISON,https://press.liaisonstrategies.ca/federal-tracker-liberals-lead-conservatives-by-12-carney-approval-rebounds/,APPROVED
5/30/2026,57,Mark Carney,Liberal,LIAISON,https://press.liaisonstrategies.ca/federal-tracker-liberals-lead-by-9-as-ndp-jumps/,APPROVED
6/1/2026,56,Mark Carney,Liberal,LEGER,https://leger360.com/in-the-news-liberals-reach-highest-level-support/,APPROVED
6/6/2026,55,Mark Carney,Liberal,LIAISON,https://press.liaisonstrategies.ca/federal-tracker-liberals-lead-by-8-as-carney-approval-hits-tracker-low/,APPROVED
6/13/2026,57,Mark Carney,Liberal,LIAISON,https://press.liaisonstrategies.ca/federal-tracker-liberals-lead-by-9-as-carney-approval-rebounds/,APPROVED
6/20/2026,57,Mark Carney,Liberal,LIAISON,https://press.liaisonstrategies.ca/federal-tracker-liberals-return-to-11-point-lead-as-poilievre-hits-best-tracker-rating/,APPROVED
6/27/2026,58,Mark Carney,Liberal,LIAISON,https://press.liaisonstrategies.ca/federal-tracker-liberals-lead-by-8-as-conservatives-gain-ground/,APPROVED
7/4/2026,58,Mark Carney,Liberal,LIAISON,https://press.liaisonstrategies.ca/federal-tracker-liberals-lead-by-9-as-race-holds-steady/,APPROVED
7/11/2026,56,Mark Carney,Liberal,LIAISON,https://press.liaisonstrategies.ca/federal-tracker-liberals-lead-by-6-as-conservatives-narrow-gap/,APPROVED
7/18/2026,57,Mark Carney,Liberal,LIAISON,https://press.liaisonstrategies.ca/federal-tracker-liberals-lead-by-8-as-ndp-slip/,APPROVED
7/25/2026,56,Mark Carney,Liberal,LIAISON,https://press.liaisonstrategies.ca/federal-tracker-liberals-lead-by-9-as-three-by-elections-are-called/,APPROVED
8/1/2026,57,Mark Carney,Liberal,LIAISON,https://press.liaisonstrategies.ca/federal-tracker-liberals-hold-9-point-lead-as-carney-approval-edges-up/,APPROVED
8/3/2026,55,Mark Carney,Liberal,LEGER,https://leger360.com/in-the-news-federal-polling-august-2026/,APPROVED
8/7/2026,59,Mark Carney,Liberal,RESEARCHCO,https://researchco.ca/2026/08/10/cdnpoli-aug2026/,APPROVED
8/8/2026,57,Mark Carney,Liberal,LIAISON,https://press.liaisonstrategies.ca/federal-tracker-liberals-open-13-point-lead-as-conservatives-slide/,APPROVED
