Country,Series,Description,Question Type,Question Wording,Method
Canada,ABACUSIMPRESSIONPM,Abacus Data Impressions of Prime Minister,Impressions,Do you have a positive or negative impression of of Justin Trudeau?,
Canada,ABACUSJOBPM,Abacus Data Approve Job of Gov led by PM,Approval,"Overall, do you approve of or disapprove of the job the federal government led by [PM] is doing?",
Canada,ANGUSREID,AngusReid (Prime Minister),Approval,Do you approve or disapprove of [Name]?,
Canada,ANGUSREIDFAV,AngusReid Favourability (Prime Minister),Favourability,[Prime Minister and leader of the XXX Party] Do you have an overall favourable or unfavourable view of the following people?,
Canada,ANGUSREIDGOV,AngusReid (Govt),Approval,"Based on what you've seen so far, generally speaking, would you say you approve or disapprove of the overall performance of this federal government? Would that be strongly or moderately?",
Canada,CAMPAIGNRESEARCHPM,Campaign Research (Prime Minister),Approval,Approval of Prime Minister,
Canada,CanadianElectionStudy,Canadian Election Study (Prime Minister),Approval,Approval of Prime Minister,
Canada,CSES,Comparative Study of Electoral Systems,Performance,"Now thinking about the performance of the [government in [CAPITAL]/president] in general, how good or bad a job do you think the [government/president in [CAPITAL]] has done over the past [NUMBER OF YEARS SINCE LAST GOVERNMENT TOOK OFFICE, BEFORE THE CURRENT ELECTION] years? Has [it/he/she] done a very good job? A good job? A bad job? A very bad job?",
Canada,DecimaGOV,Decima (Government),Performance,Performance of Prime Minister,
Canada,EKOSPM,Ekos Research (Prime Minister),Approval,Do you approve or disapprove of the way [NAME] is handling his/her job?,
Canada,EnvironicsGOV,Environics (Government),Approval,"Would you say you are very satisfied, somewhat satisfied, somewhat dissatisfied or very dissatisfied with the present federal government in Ottawa?",
Canada,EnvironicsPM,Environics (Prime Minister),Approval,Do you approve or disapprove of the way [NAME] is handling his/her job as Prime Minister?,
Canada,FORUMPM,Forum Research (Prime Minister),Approval,Approval of Prime Minister,
Canada,GALLUPCANADA,Gallup Canada,Approval,Do you approve or disapprove of the way [NAME] is handling their job as Prime Minister?,
Canada,GALLUPWORLD_LSHP,Gallup World Poll (leadership),Approval,Do you approve or disapprove of the job performance of the leadership of this country?,
Canada,GALLUPWORLD_LDR,Gallup World Poll (leader),Approval ,Do you approve or disapprove of the way the leader/head/President of this country is handling his/her job as leader/head/President?,
Canada,INSIGHTSWESTPM,Insights West (Prime Minister),Approval,Approval of Prime Minister,
Canada,IPSOS,IPSOS (Prime Minister),Approval,Do you approve or disapprove of [NAME] performance as prime minister?,
Canada,LAPOP,AmericasBarometer (Job),Job,"Speaking in general of the current administration, how would you rate the job performance of Prime Minister Harper?",
Canada,LEGER,Leger (Prime Minister),Performance,Are you satisfied or dissatisfied with the performance of the federal government headed by Paul Martin?,
Canada,LIAISON,Liaison Strategies,Approval,Do you approve or disapprove of the job [PM name] is doing as prime minister?,
Canada,MAINSTREETPM,Mainstreet Research (Prime Minister),Approval,Approval of Prime Minister,
Canada,MorningConsult,Morning Consult Global Leader Approval Tracker,Approval,,
Canada,MUSTEL,Mustel Group,Approval,Approval of Prime Minister,
Canada,NANOS,Nanos Research,Performance,"Would you describe the performance of the current [PARTY] Government led by Prime Minister [PM NAME] as very good, somewhat good, average, somewhat poor, or very poor?",
Canada,RESEARCHCO,Research Co. ,Approval,Approval of Prime Minister,
Canada,SESSUN,SES-Sun Media,Performance,"Would you describe the performance of the government led by Prime Minister [NAME] as very good, somewhat good, average, somewhat poor, or very poor?",
Canada,STRATCOUN,Strategic Council,Performance,Performance of Prime Minister,
Canada,ZOGBY,Zogby (Prime Minister),Approval,Do you approve or disapprove of Paul Martin's performance as prime minister?,
Canada,CultMTL,Mark Carney (Prime Minister),Approval,Do you approve or disapprove of the way in which the federal government led by Mark Carney is handling it's responsibility? ,
Canada,SparkInsights,Mark Carney (Prime Minister),Approval,Carney Approval Rate,
Canada,SparkInsights,Cost Of Living,Approval,Assessments of Carney Government on Cost of Living,
Canada,SparkInsights,Improving Economy,Approval,Assessments of Carney Government on Improving Economy,
Canada,SparkInsights,Fighting Crime,Approval,Assessments of Carney Government on Fighting Crime,
Canada,SparkInsights,Affordable Housing ,Approval,Assessments of Carney Government on Affordable Housing,
